{"name": "Mental Health", "colors": ["#EFF3FF", "#C6DBEF", "#9ECAE1", "#6BAED6", "#4292C6", "#2171B5", "#084594"], "legend": [-3, -2, -1, 0, 1, 2, 3, 4], "year": [2011, 2012, 2013, 2014, 2015, 2016], "states": [["Alabama", ["2.16670533190717", "3.12564636685596", "1.39955250394814", "1.78312891792765", "1.20776429695838", "1.5913407109379"]], ["Alaska", ["-1.28548239390848", "-1.28548239390848", "-1.47727060089824", "-1.47727060089824", "-0.710117772939203", "-0.710117772939203"]], ["Arizona", ["0.248823262009588", "0.440611468999347", "0.248823262009588", "-0.134753151969928", "0.0570350550198299", "0.248823262009588"]], ["Arkansas", ["2.9338581598662", "1.78312891792765", "1.39955250394814", "1.20776429695838", "1.97491712491741", "2.74206995287645"]], ["California", ["-0.134753151969928", "0.0570350550198299", "-0.134753151969928", "-0.326541358959686", "-0.326541358959686", "-0.518329565949444"]], ["Colorado", ["-0.518329565949444", "-0.518329565949444", "-0.901905979928961", "-1.09369418691872", "-0.518329565949444", "-0.326541358959686"]], ["Connecticut", ["-0.326541358959686", "-0.134753151969928", "-0.518329565949444", "-0.134753151969928", "-0.134753151969928", "0.0570350550198299"]], ["Delaware", ["-0.710117772939203", "-0.134753151969928", "-0.326541358959686", "-0.326541358959686", "-0.326541358959686", "-0.134753151969928"]], ["District of Columbia", ["-0.326541358959686", "0.0570350550198299", "-0.518329565949444", "-0.901905979928961", "-0.710117772939203", "-0.901905979928961"]], ["Florida", ["1.20776429695838", "1.39955250394814", "0.632399675989104", "0.0570350550198299", "0.824187882978863", "-0.134753151969928"]], ["Georgia", ["0.248823262009588", "-0.326541358959686", "-0.710117772939203", "0.440611468999347", "-0.134753151969928", "-0.134753151969928"]], ["Hawaii", ["-1.66905880788799", "-1.47727060089824", "-2.05263522186751", "-1.86084701487775", "-1.47727060089824", "-1.09369418691872"]], ["Idaho", ["0.0570350550198299", "0.248823262009588", "-0.134753151969928", "-0.901905979928961", "-0.518329565949444", "-0.326541358959686"]], ["Illinois", ["0.440611468999347", "-0.518329565949444", "-0.134753151969928", "-0.326541358959686", "-0.710117772939203", "-0.710117772939203"]], ["Indiana", ["1.01597608996862", "1.01597608996862", "0.440611468999347", "0.824187882978863", "0.632399675989104", "0.824187882978863"]], ["Iowa", ["-1.28548239390848", "-1.28548239390848", "-1.47727060089824", "-1.28548239390848", "-0.901905979928961", "-0.901905979928961"]], ["Kansas", ["-0.901905979928961", "-0.901905979928961", "-1.09369418691872", "-1.47727060089824", "-1.09369418691872", "-0.901905979928961"]], ["Kentucky", ["1.97491712491741", "2.35849353889693", "1.5913407109379", "1.5913407109379", "1.20776429695838", "1.78312891792765"]], ["Louisiana", ["1.20776429695838", "0.632399675989104", "0.824187882978863", "0.440611468999347", "1.01597608996862", "0.824187882978863"]], ["Maine", ["0.824187882978863", "0.824187882978863", "0.440611468999347", "0.248823262009588", "0.440611468999347", "1.20776429695838"]], ["Maryland", ["-0.134753151969928", "-0.518329565949444", "-0.901905979928961", "-0.710117772939203", "-0.710117772939203", "-0.710117772939203"]], ["Massachusetts", ["-0.326541358959686", "0.0570350550198299", "0.0570350550198299", "0.248823262009588", "0.248823262009588", "0.248823262009588"]], ["Michigan", ["1.01597608996862", "0.824187882978863", "0.440611468999347", "0.824187882978863", "0.248823262009588", "1.20776429695838"]], ["Minnesota", ["-1.28548239390848", "-1.28548239390848", "-1.66905880788799", "-1.66905880788799", "-1.47727060089824", "-1.09369418691872"]], ["Mississippi", ["1.20776429695838", "1.20776429695838", "1.20776429695838", "1.01597608996862", "1.39955250394814", "1.20776429695838"]], ["Missouri", ["0.632399675989104", "0.632399675989104", "0.0570350550198299", "-0.134753151969928", "0.632399675989104", "1.01597608996862"]], ["Montana", ["-0.326541358959686", "0.0570350550198299", "-0.710117772939203", "-0.710117772939203", "-0.518329565949444", "-0.518329565949444"]], ["Nebraska", ["-1.28548239390848", "-1.28548239390848", "-1.47727060089824", "-1.86084701487775", "-1.66905880788799", "-1.09369418691872"]], ["Nevada", ["0.248823262009588", "0.632399675989104", "-0.134753151969928", "-0.710117772939203", "0.248823262009588", "1.39955250394814"]], ["New Hampshire", ["0.824187882978863", "0.248823262009588", "-0.326541358959686", "-0.326541358959686", "-0.326541358959686", "0.824187882978863"]], ["New Jersey", ["-0.710117772939203", "-0.901905979928961", "-0.901905979928961", "-0.710117772939203", "-0.710117772939203", "-0.710117772939203"]], ["New Mexico", ["0.440611468999347", "0.632399675989104", "-0.134753151969928", "0.440611468999347", "-0.134753151969928", "0.440611468999347"]], ["New York", ["-0.134753151969928", "0.632399675989104", "-0.134753151969928", "-0.134753151969928", "-0.134753151969928", "-0.326541358959686"]], ["North Carolina", ["-0.134753151969928", "0.248823262009588", "-0.326541358959686", "-0.134753151969928", "-0.134753151969928", "0.248823262009588"]], ["North Dakota", ["-1.66905880788799", "-1.86084701487775", "-2.05263522186751", "-1.66905880788799", "-0.901905979928961", "-1.28548239390848"]], ["Ohio", ["0.824187882978863", "0.632399675989104", "0.248823262009588", "1.01597608996862", "0.248823262009588", "0.824187882978863"]], ["Oklahoma", ["1.5913407109379", "0.824187882978863", "1.01597608996862", "0.632399675989104", "0.632399675989104", "1.20776429695838"]], ["Oregon", ["0.0570350550198299", "1.20776429695838", "1.20776429695838", "0.824187882978863", "1.5913407109379", "1.20776429695838"]], ["Pennsylvania", ["0.632399675989104", "0.440611468999347", "0.632399675989104", "0.440611468999347", "0.248823262009588", "1.01597608996862"]], ["Rhode Island", ["1.01597608996862", "0.824187882978863", "0.0570350550198299", "-0.134753151969928", "0.824187882978863", "1.01597608996862"]], ["South Carolina", ["0.632399675989104", "0.824187882978863", "0.0570350550198299", "0.824187882978863", "1.01597608996862", "1.20776429695838"]], ["South Dakota", ["-1.28548239390848", "-1.66905880788799", "-2.43621163584703", "-1.86084701487775", "-2.43621163584703", "-1.66905880788799"]], ["Tennessee", ["0.0570350550198299", "0.440611468999347", "-0.134753151969928", "2.16670533190717", "1.20776429695838", "1.20776429695838"]], ["Texas", ["-0.326541358959686", "-0.326541358959686", "-1.28548239390848", "-1.47727060089824", "-1.09369418691872", "-0.710117772939203"]], ["Utah", ["-0.518329565949444", "-0.710117772939203", "-0.518329565949444", "-0.710117772939203", "-0.518329565949444", "-0.326541358959686"]], ["Vermont", ["-0.134753151969928", "0.248823262009588", "-0.710117772939203", "-0.326541358959686", "-0.326541358959686", "0.440611468999347"]], ["Virginia", ["-0.901905979928961", "-0.518329565949444", "-0.901905979928961", "-1.09369418691872", "-0.901905979928961", "-0.710117772939203"]], ["Washington", ["-0.134753151969928", "0.248823262009588", "0.248823262009588", "-0.134753151969928", "-0.134753151969928", "0.0570350550198299"]], ["West Virginia", ["1.5913407109379", "1.5913407109379", "1.39955250394814", "1.78312891792765", "1.97491712491741", "2.74206995287645"]], ["Wisconsin", ["-0.901905979928961", "-0.134753151969928", "-0.518329565949444", "-0.134753151969928", "-0.518329565949444", "0.0570350550198299"]], ["Wyoming", ["-0.518329565949444", "-0.710117772939203", "-1.09369418691872", "-0.901905979928961", "-0.134753151969928", "-0.326541358959686"]]]}