{"name": "Poverty Percentage", "colors": ["#FEE5D9", "#FCBBA1", "#FC9272", "#FB6A4A", "#EF3B2C", "#CB181D", "#99000D"], "legend": [-3, -2, -1, 0, 1, 2, 3, 4], "year": [2011, 2012, 2013, 2014, 2015, 2016], "states": [["Alabama", ["0.500992562469252", "0.733932694078886", "0.879520276334908", "1.19981295729816", "0.763050210530091", "0.733932694078886"]], ["Alaska", ["-0.57635554622531", "-1.07135332589578", "-0.809295677834945", "-0.518120513322901", "-1.30429345750542", "-0.314297898164471"]], ["Arizona", ["1.02510785859093", "1.54922315471261", "1.89863335212706", "2.1898085166391", "1.02510785859093", "0.704815177627682"]], ["Arkansas", ["1.46187060535899", "1.86951583567586", "0.995990342139726", "1.37451805600538", "0.704815177627682", "0.675697661176478"]], ["California", ["0.937755309237316", "0.646580144725273", "0.35540498021323", "0.617462628274069", "0.0642298157011861", "0.0642298157011861"]], ["Colorado", ["-0.139592799457245", "-0.518120513322901", "-0.896648227188558", "-0.401650447518083", "-1.10047084234699", "-1.50811607266385"]], ["Connecticut", ["-1.04223580944458", "-0.984000776542171", "-0.692825612030127", "-1.47899855621265", "-1.33341097395662", "-1.12958835879819"]], ["Delaware", ["0.00599478279877709", "-0.0522402501036314", "0.0933473321523904", "-0.78017816138374", "-0.751060644932536", "-0.605473062676514"]], ["District of Columbia", ["1.81128080277345", "1.37451805600538", "2.21892603309031", "1.54922315471261", "0.850402759883704", "0.763050210530091"]], ["Florida", ["0.35540498021323", "0.471875046018047", "0.35540498021323", "0.879520276334908", "0.733932694078886", "-0.197827832359653"]], ["Georgia", ["1.37451805600538", "1.28716550665177", "0.763050210530091", "0.908637792786113", "1.28716550665177", "0.500992562469252"]], ["Hawaii", ["-0.459885480420493", "0.0351122992499819", "-0.751060644932536", "-0.838413194286149", "-0.809295677834945", "-1.27517594105421"]], ["Idaho", ["0.588345111822864", "0.209817397957208", "-0.226945348810857", "-0.372532931066879", "-0.401650447518083", "-0.751060644932536"]], ["Illinois", ["0.151582365054799", "-0.314297898164471", "-0.11047528300604", "0.00599478279877709", "-0.809295677834945", "-0.459885480420493"]], ["Indiana", ["0.55922759537166", "0.442757529566842", "-0.605473062676514", "0.268052430859616", "-0.0522402501036314", "-0.547238029774105"]], ["Iowa", ["-0.954883260090966", "-0.984000776542171", "-0.838413194286149", "-0.984000776542171", "-0.954883260090966", "-1.12958835879819"]], ["Kansas", ["0.180699881506004", "0.0933473321523904", "-0.139592799457245", "-0.459885480420493", "0.151582365054799", "-0.721943128481332"]], ["Kentucky", ["0.675697661176478", "1.22893047374936", "1.84039831922465", "1.84039831922465", "1.69481073696863", "0.442757529566842"]], ["Louisiana", ["2.1606910001879", "2.1606910001879", "1.60745818761502", "2.74304132921199", "1.43275308890779", "1.89863335212706"]], ["Maine", ["-0.0813577665548357", "-0.256062865262062", "-0.401650447518083", "0.268052430859616", "-0.401650447518083", "-0.285180381713266"]], ["Maryland", ["-1.27517594105421", "-1.10047084234699", "-0.984000776542171", "-1.12958835879819", "-1.1878233917006", "-1.91576130298071"]], ["Massachusetts", ["-0.896648227188558", "-0.692825612030127", "-0.518120513322901", "-0.0231227336524272", "-0.634590579127719", "-1.1878233917006"]], ["Michigan", ["0.384522496664434", "0.00599478279877709", "0.238934914408412", "0.326287463762025", "-0.256062865262062", "-0.751060644932536"]], ["Minnesota", ["-1.07135332589578", "-1.07135332589578", "-0.489002996871697", "-1.56635110556626", "-1.71193868782228", "-1.44988103976144"]], ["Mississippi", ["1.08334289149334", "2.42274864824874", "2.56833623050476", "2.45186616469994", "1.57834067116381", "2.1606910001879"]], ["Missouri", ["0.500992562469252", "0.442757529566842", "0.00599478279877709", "-0.954883260090966", "-1.12958835879819", "-0.197827832359653"]], ["Montana", ["0.821285243432499", "-0.0813577665548357", "0.238934914408412", "-0.489002996871697", "-0.518120513322901", "-0.57635554622531"]], ["Nebraska", ["-1.01311829299338", "-0.430767963969288", "-0.78017816138374", "-0.547238029774105", "-0.984000776542171", "-1.1878233917006"]], ["Nevada", ["0.530110078920456", "0.617462628274069", "1.08334289149334", "0.966872825688521", "-0.197827832359653", "-1.04223580944458"]], ["New Hampshire", ["-1.77017372072469", "-1.62458613846867", "-1.36252849040783", "-1.88664378652951", "-1.8575262700783", "-2.11958391813914"]], ["New Jersey", ["-0.663708095578923", "-1.27517594105421", "-0.751060644932536", "-0.692825612030127", "-0.721943128481332", "-1.24605842460301"]], ["New Mexico", ["2.48098368115115", "1.95686838502947", "2.33539609889513", "1.84039831922465", "1.75304576987104", "1.19981295729816"]], ["New York", ["0.675697661176478", "1.02510785859093", "0.238934914408412", "0.0933473321523904", "0.151582365054799", "-0.518120513322901"]], ["North Carolina", ["0.500992562469252", "1.02510785859093", "1.43275308890779", "0.995990342139726", "0.471875046018047", "-0.0231227336524272"]], ["North Dakota", ["-1.10047084234699", "-0.663708095578923", "-1.10047084234699", "-1.1587058752494", "-0.867530710737354", "-0.751060644932536"]], ["Ohio", ["0.413640013115638", "0.500992562469252", "0.00599478279877709", "0.55922759537166", "-0.0231227336524272", "0.00599478279877709"]], ["Oklahoma", ["0.0642298157011861", "1.25804799020056", "0.0933473321523904", "1.05422537504213", "0.151582365054799", "0.268052430859616"]], ["Oregon", ["0.209817397957208", "-0.0522402501036314", "0.413640013115638", "0.209817397957208", "-0.518120513322901", "-0.547238029774105"]], ["Pennsylvania", ["-0.314297898164471", "0.0642298157011861", "-0.372532931066879", "-0.343415414615675", "-0.401650447518083", "-0.751060644932536"]], ["Rhode Island", ["-0.0813577665548357", "-0.0231227336524272", "-0.0522402501036314", "-0.692825612030127", "-0.547238029774105", "-0.663708095578923"]], ["South Carolina", ["1.54922315471261", "0.879520276334908", "0.646580144725273", "0.821285243432499", "0.180699881506004", "0.122464848603595"]], ["South Dakota", ["0.238934914408412", "-0.256062865262062", "-0.984000776542171", "-0.256062865262062", "0.0642298157011861", "0.238934914408412"]], ["Tennessee", ["0.763050210530091", "1.43275308890779", "1.28716550665177", "1.05422537504213", "0.297169947310821", "0.35540498021323"]], ["Texas", ["1.08334289149334", "0.966872825688521", "0.908637792786113", "0.792167726981295", "0.297169947310821", "0.0351122992499819"]], ["Utah", ["-0.78017816138374", "-0.78017816138374", "-1.56635110556626", "-1.01311829299338", "-1.27517594105421", "-1.47899855621265"]], ["Vermont", ["-0.605473062676514", "-0.721943128481332", "-1.44988103976144", "-1.27517594105421", "-0.867530710737354", "-1.1878233917006"]], ["Virginia", ["-0.663708095578923", "-0.896648227188558", "-0.954883260090966", "-1.01311829299338", "-0.809295677834945", "-0.663708095578923"]], ["Washington", ["-0.343415414615675", "-0.605473062676514", "-0.489002996871697", "-0.489002996871697", "-0.663708095578923", "-0.78017816138374"]], ["West Virginia", ["1.11246040794454", "0.879520276334908", "1.05422537504213", "2.01510341793188", "0.238934914408412", "1.25804799020056"]], ["Wisconsin", ["-0.168710315908449", "-0.663708095578923", "-0.78017816138374", "-0.809295677834945", "-0.663708095578923", "-0.867530710737354"]], ["Wyoming", ["-0.867530710737354", "-1.1878233917006", "-0.547238029774105", "-1.1587058752494", "-1.12958835879819", "-0.809295677834945"]]]}