{"name": "Suicides", "colors": ["#EDF8E9", "#C7E9C0", "#A1D99B", "#74C476", "#41AB5D", "#238B45", "#005A32"], "legend": [-3, -2, -1, 0, 1, 2, 3, 4], "year": [2011, 2012, 2013, 2014, 2015, 2016], "states": [["Alabama", ["-0.373357966386001", "-0.0221872561991684", "-0.0924213982365347", "-0.0690100175574126", "0.0246355051590762", "0.211926550592053"]], ["Alaska", ["1.21861591979431", "1.92095734016797", "1.96778010152622", "1.71025491405587", "2.83400118665374", "2.57647599918339"]], ["Arizona", ["0.703565544853619", "0.586508641458009", "0.633331402816253", "0.750388306211864", "0.797211067570108", "0.680154164174497"]], ["Arkansas", ["0.28216069262942", "0.352394834666787", "0.586508641458009", "0.586508641458009", "1.00791349368221", "0.797211067570108"]], ["California", ["-1.02887662540142", "-1.12252214811791", "-1.07569938675967", "-1.0054652447223", "-1.05228800608054", "-1.0054652447223"]], ["Colorado", ["0.633331402816253", "1.14838177775694", "0.890856590286597", "1.19520453911518", "1.1015590163987", "1.33567282318992"]], ["Connecticut", ["-1.16934490947615", "-1.14593352879703", "-1.4268700969465", "-1.16934490947615", "-1.14593352879703", "-1.09911076743879"]], ["Delaware", ["-0.888408341326689", "-0.373357966386001", "-0.537237631139856", "-0.373357966386001", "-0.513826250460734", "-0.771351437931078"]], ["District of Columbia", ["-2.15262289799929", "-2.12921151732016", "-2.12921151732016", "-1.6375725230586", "-2.31650256275314", "-2.24626842071578"]], ["Florida", ["-0.209478301632146", "-0.0924213982365347", "-0.232889682311268", "-0.209478301632146", "-0.0924213982365347", "-0.186066920953023"]], ["Georgia", ["-0.724528676572834", "-0.724528676572834", "-0.654294534535467", "-0.513826250460734", "-0.490414869781612", "-0.349946585706879"]], ["Hawaii", ["-0.467003489102489", "-0.396769347065123", "-0.701117295893711", "-0.232889682311268", "-0.303123824348634", "-0.630883153856345"]], ["Idaho", ["0.797211067570108", "0.984502113003085", "1.03132487436133", "1.21861591979431", "1.71025491405587", "1.54637524930202"]], ["Illinois", ["-1.28640181287177", "-1.16934490947615", "-1.14593352879703", "-1.0054652447223", "-1.05228800608054", "-0.958642483364056"]], ["Indiana", ["-0.303123824348634", "-0.115832778915657", "-0.115832778915657", "-0.115832778915657", "-0.0924213982365347", "0.141692408554687"]], ["Iowa", ["-0.209478301632146", "-0.490414869781612", "-0.0924213982365347", "-0.443592108423367", "-0.209478301632146", "-0.0455986368782905"]], ["Kansas", ["-0.232889682311268", "0.60992002213713", "-0.0221872561991684", "0.211926550592053", "0.352394834666787", "0.726976925532741"]], ["Kentucky", ["0.0948696471964425", "0.328983453987664", "0.188515169912931", "0.28216069262942", "0.539685880099764", "0.469451738062398"]], ["Louisiana", ["-0.537237631139856", "-0.560649011818978", "-0.560649011818978", "-0.115832778915657", "0.0948696471964425", "-0.139244159594779"]], ["Maine", ["0.422628976704153", "-0.0690100175574126", "0.60992002213713", "0.211926550592053", "0.28216069262942", "0.258749311950298"]], ["Maryland", ["-1.30981319355089", "-1.23957905151352", "-1.30981319355089", "-1.16934490947615", "-1.40345871626738", "-1.26299043219264"]], ["Massachusetts", ["-1.49710423898387", "-1.4268700969465", "-1.54392700034211", "-1.54392700034211", "-1.38004733558825", "-1.40345871626738"]], ["Michigan", ["-0.607471773177223", "-0.537237631139856", "-0.443592108423367", "-0.349946585706879", "-0.232889682311268", "-0.349946585706879"]], ["Minnesota", ["-0.537237631139856", "-0.654294534535467", "-0.630883153856345", "-0.607471773177223", "-0.373357966386001", "-0.373357966386001"]], ["Mississippi", ["-0.396769347065123", "-0.186066920953023", "-0.420180727744245", "-0.537237631139856", "-0.186066920953023", "-0.490414869781612"]], ["Missouri", ["0.118281027875565", "0.0246355051590762", "0.188515169912931", "0.352394834666787", "0.539685880099764", "0.844033828928352"]], ["Montana", ["1.80390043677236", "1.82731181745148", "2.08483700492183", "2.13165976628007", "2.45941909578778", "2.59988737986252"]], ["Nebraska", ["-1.0054652447223", "-0.537237631139856", "-0.747940057251956", "-0.326535205027756", "-0.724528676572834", "-0.396769347065123"]], ["Nevada", ["0.844033828928352", "0.797211067570108", "0.890856590286597", "1.12497039707782", "0.844033828928352", "1.54637524930202"]], ["New Hampshire", ["-0.232889682311268", "-0.162655540273901", "-0.467003489102489", "0.703565544853619", "0.399217596025031", "0.563097260778886"]], ["New Jersey", ["-1.70780666509597", "-1.73121804577509", "-1.59074976170035", "-1.52051561966299", "-1.52051561966299", "-1.77804080713333"]], ["New Mexico", ["1.28885006183167", "1.5229638686229", "1.28885006183167", "1.45272972658553", "2.08483700492183", "1.80390043677236"]], ["New York", ["-1.54392700034211", "-1.52051561966299", "-1.56733838102123", "-1.56733838102123", "-1.6375725230586", "-1.56733838102123"]], ["North Carolina", ["-0.5840603924981", "-0.490414869781612", "-0.513826250460734", "-0.396769347065123", "-0.326535205027756", "-0.420180727744245"]], ["North Dakota", ["0.0246355051590762", "0.0948696471964425", "0.586508641458009", "0.703565544853619", "0.633331402816253", "0.984502113003085"]], ["Ohio", ["-0.5840603924981", "-0.420180727744245", "-0.443592108423367", "-0.513826250460734", "-0.209478301632146", "-0.139244159594779"]], ["Oklahoma", ["0.867445209607475", "0.656742783495375", "0.563097260778886", "1.00791349368221", "1.28885006183167", "1.45272972658553"]], ["Oregon", ["0.422628976704153", "0.703565544853619", "0.469451738062398", "0.890856590286597", "0.703565544853619", "0.703565544853619"]], ["Pennsylvania", ["-0.373357966386001", "-0.560649011818978", "-0.326535205027756", "-0.349946585706879", "-0.186066920953023", "-0.0221872561991684"]], ["Rhode Island", ["-1.38004733558825", "-1.23957905151352", "-0.607471773177223", "-1.09911076743879", "-0.841585579968445", "-0.841585579968445"]], ["South Carolina", ["-0.279712443669512", "-0.25630106299039", "-0.186066920953023", "0.0948696471964425", "0.0012241244799541", "0.211926550592053"]], ["South Dakota", ["0.211926550592053", "0.469451738062398", "0.750388306211864", "0.539685880099764", "1.3122614425108", "1.26543868115255"]], ["Tennessee", ["-0.0924213982365347", "-0.0455986368782905", "0.141692408554687", "0.0012241244799541", "0.211926550592053", "0.352394834666787"]], ["Texas", ["-0.771351437931078", "-0.677705915214589", "-0.724528676572834", "-0.607471773177223", "-0.537237631139856", "-0.513826250460734"]], ["Utah", ["1.07814763571957", "1.45272972658553", "1.54637524930202", "1.33567282318992", "1.78048905609324", "1.64002077201851"]], ["Vermont", ["0.703565544853619", "-0.420180727744245", "0.469451738062398", "0.914267970965719", "0.0012241244799541", "0.586508641458009"]], ["Virginia", ["-0.513826250460734", "-0.490414869781612", "-0.537237631139856", "-0.443592108423367", "-0.490414869781612", "-0.373357966386001"]], ["Washington", ["-0.115832778915657", "-0.0690100175574126", "-0.162655540273901", "0.0948696471964425", "0.141692408554687", "0.0246355051590762"]], ["West Virginia", ["0.258749311950298", "0.539685880099764", "0.375806215345908", "0.773799686890986", "0.60992002213713", "1.05473625504045"]], ["Wisconsin", ["-0.467003489102489", "-0.560649011818978", "-0.0924213982365347", "-0.396769347065123", "-0.0221872561991684", "-0.0221872561991684"]], ["Wyoming", ["1.96778010152622", "3.46610846499004", "1.56978662998114", "1.35908420386904", "3.09152637412408", "2.43600771510866"]]]}